ID,tSNE_1,tSNE_2,label,CellType
TCAGTGGACACAAC-4,39.90846,-109.16568,6,B
TGTATCTGCCTTAT-1,-10.143706,-16.043337,2,Tmem
GATTCTACGGTAGG-2,5.953779,-18.801891,2,Tmem
TATGTGCTATCTTC-6,-76.0203,-79.05342,1,NaiveT
TAGAATTGAAAACG-2,79.13919,-6.2581286,2,Tmem
AGGTGGGAACTCTT-7,10.475132,-2.4382565,2,Tmem
AGCAAGCTTCGTGA-1,-83.755684,-94.09274,1,NaiveT
AAGAACGAAGAAGT-1,-119.598625,-17.968992,1,NaiveT
TAGGCATGCTGTTT-2,-10.981683,-50.35199,2,Tmem
GGTGATACACAGTC-1,-52.252495,-99.278725,1,NaiveT
GGACCGTGTCTCAT-1,-95.733665,-88.93367,1,NaiveT
GCTAGAACAGGTTC-3,67.61338,106.648186,4,Teff
GTATTCACCCCACT-6,113.5968,33.005367,5,NK
GATATTGATCACGA-8,54.751778,126.12673,4,Teff
TGAGCAACGGAGTG-3,-31.079895,-69.601,1,NaiveT
ATAGTTGAGTGAGG-5,53.55297,10.765984,2,Tmem
AGGAATGAGACGGA-4,42.55401,-26.56281,2,Tmem
TGTGAGTGGGTCTA-5,-117.8559,-18.223616,1,NaiveT
CCTCTACTTTGGCA-7,70.17524,21.471792,2,Tmem
GACATTCTGTCACA-3,27.735294,106.36612,3,Tem
TCCGAGCTTCAGAC-5,-0.8351987,117.19684,3,Tem
CACTCTCTTGGAAA-6,-36.857346,-82.426216,1,NaiveT
ACAGTTCTTTTGCT-3,-99.45894,11.874598,1,NaiveT
TAGTTCACTAACGC-1,82.6417,-57.972157,8,Mo
ATTTCTCTTTTCAC-7,10.002857,76.52782,3,Tem
GTAGTCGATACAGC-4,89.75015,123.93594,4,Teff
TAGCTACTCCGTAA-1,84.15845,-99.11471,6,B
ATCTACACCTGTAG-8,-66.16433,-68.454895,1,NaiveT
CCTTTAGAAATCGC-8,1.3948133,110.37942,3,Tem
CAGGTTGAAAACGA-4,-97.51806,-19.316633,1,NaiveT
CGCCATACGATAAG-8,-7.415227,29.164598,2,Tmem
ATAGATTGTGTCCC-2,-6.41715,28.822231,2,Tmem
AATCCTTGCCACCT-5,4.111304,18.368425,2,Tmem
CGCGAGACACAGCT-4,-104.412865,0.89646024,1,NaiveT
GACCATGAGCTACA-2,32.231792,133.45435,3,Tem
AGCATCGATGAACC-8,-22.321096,-38.388744,1,NaiveT
CGACTCACGGTAAA-3,-5.5001807,-37.394424,2,Tmem
CCTAAACTACGGTT-7,7.1420135,-143.44397,7,DC
AGTAATTGGAATCC-7,-132.855,-4.760603,1,NaiveT
TCCATAACCTGAGT-8,-107.516075,37.029247,1,NaiveT
TTCTGATGGCGAGA-2,-132.85109,30.544905,1,NaiveT
ATACCGGAGACGTT-4,-103.66021,5.5793777,1,NaiveT
TATCGACTAGAGGC-4,-52.63648,-50.906906,1,NaiveT
TTAGCTACGAATAG-5,2.5075018,-33.06239,2,Tmem
CCATATACGTCTGA-5,-66.29176,-24.644567,1,NaiveT
GTTATCTGCCTTAT-4,47.2592,123.991295,4,Teff
CTGACCACTGCACA-4,0.2896097,113.54873,3,Tem
ATGCAGACTGCCCT-5,122.60011,17.55412,5,NK
CTCGAAGATCGTAG-7,117.60918,-30.456486,8,Mo
GACGTCCTTATGGC-8,-0.23013848,-47.81513,2,Tmem
GATAGCACTTGACG-4,-31.438414,-30.326427,1,NaiveT
ATCTTGACTGTGGT-5,105.20104,-91.73642,2,Tmem
GAAGATGACTGGAT-2,-20.641916,101.85078,3,Tem
AAGTTCCTAGTTCG-2,134.2887,6.486726,5,NK
ACAGTGACGGGTGA-5,-90.80257,-17.108814,1,NaiveT
AAGTCCGAAGTGCT-1,-11.763929,-50.914417,2,Tmem
TTGGAGTGAATCGC-4,-139.23709,3.1096735,1,NaiveT
CCAGCACTTCTACT-6,-40.855755,58.12684,1,NaiveT
TAAGTAACTCGCAA-7,-44.725536,-50.72548,1,NaiveT
GCAGATACAACCTG-8,-77.02667,-36.205574,1,NaiveT
GGCCCAGAGTGTAC-3,64.38759,-118.65301,6,B
GTAGACTGGAGGCA-6,63.571255,100.79731,4,Teff
CGTGCACTACGTGT-3,11.795038,81.88638,3,Tem
CAATCGGAGAAAGT-7,65.36073,-114.05271,6,B
GATAGAGATTCTTG-2,20.094511,-61.733356,2,Tmem
ACAATAACCCCGTT-7,-98.7198,-19.458502,1,NaiveT
AAGATGGAGCTGAT-4,138.4788,15.259887,5,NK
CCATTAACACTGGT-7,8.642626,56.94186,3,Tem
ATAGTCCTGCCCTT-7,59.622597,135.08505,4,Teff
CACTAGGAGAGGAC-2,-4.187027,-148.61864,7,DC
GGAAGGACAGAACA-8,117.12174,28.485588,5,NK
GCAACCCTACAGCT-4,-115.38252,51.32295,1,NaiveT
TTGTCATGGGATCT-2,72.11647,137.91614,4,Teff
TGGATGACGGGACA-5,134.99773,20.226952,5,NK
CAAATTGATCAGAC-3,-51.31004,-97.93347,1,NaiveT
ATCCATACATCTCT-2,-52.2829,-37.736275,1,NaiveT
ATCGCAGAGGTTTG-4,5.7279267,55.539066,3,Tem
CTTGAGGATGAACC-4,-125.27154,-6.915679,1,NaiveT
GTAATATGTTCCCG-7,47.18818,-6.8210554,2,Tmem
GCACACCTCATTTC-6,-17.003551,-16.250427,2,Tmem
TGAAATTGATCTTC-8,55.190575,-138.23335,6,B
ATAACATGACTTTC-3,-95.65082,-11.636754,1,NaiveT
ATAGCGTGTCTCGC-8,-48.202522,-29.367676,1,NaiveT
CACTAACTCCTACC-6,-61.198303,-27.609703,1,NaiveT
CTGAAGACGCCCTT-1,119.947495,39.325287,5,NK
CGGACTCTGTCTTT-1,-15.206209,-78.78384,1,NaiveT
CGTTATACGTTCGA-4,-3.8008535,94.05306,3,Tem
TCAAGTCTTCGCTC-2,22.579302,-38.48667,2,Tmem
AGGCTAACCCCACT-8,88.02068,-56.146286,8,Mo
TATTTCCTTTGTCT-5,37.743065,-8.372999,2,Tmem
GTATTAGAGTCATG-6,-96.65261,-33.62303,1,NaiveT
AGAGAAACGGTTTG-6,16.958399,-56.718853,2,Tmem
GAAGATGACGAATC-2,-78.62938,41.783905,1,NaiveT
GGACGCTGCGAGTT-5,25.84877,15.584131,2,Tmem
TGCTAGGAACGACT-4,-132.37569,-26.628712,1,NaiveT
CAGGGCACGTCACA-1,-1.8403487,92.343864,3,Tem
GTGACAACCTCCCA-6,-3.9020796,-49.937866,2,Tmem
CTTATCGACTCTAT-1,21.519543,-22.423014,2,Tmem
TGCCAGCTCCGCTT-3,3.940476,35.96258,2,Tmem
GCATTGGAAGGGTG-1,44.318104,8.952338,2,Tmem
TCGAGCCTAAACGA-6,-80.21946,61.57607,1,NaiveT
TTTCGAACTCCTGC-2,-112.472626,-19.347666,1,NaiveT
GTCCAAGAACCAGT-4,-6.8327246,-158.74489,7,DC
GCCACGGATGCTTT-8,-63.87077,-69.661446,1,NaiveT
AGGTCTGACTTGCC-7,-79.69397,12.608658,1,NaiveT
AAGATTACTGAGGG-1,153.04828,8.258561,5,NK
TCAGTGGATGGCAT-2,-57.9716,-100.003685,1,NaiveT
ATTGCACTGTGTCA-4,142.27325,2.263082,5,NK
AATACCCTTTTCGT-3,-24.192331,-24.158659,1,NaiveT